<?xml version="1.0" encoding="utf-8" ?><dwsync><file name="timeglider-0.0.9.min.js" server="timeglider.com" local="3392911147" remote="102207227818" /><file name="json2.js" server="timeglider.com" local="3398386384" remote="37782718271" /><file name="backbone-min.js" server="timeglider.com" local="3410722404" remote="67847488928" /><file name="underscore-min.js" server="timeglider.com" local="3410722389" remote="76437424056" /><file name="timeglider-0.1.0.min.js" server="timeglider.com" local="3401890166" remote="102207227821" /><file name="jquery.js" server="timeglider.com" local="3408483107" remote="42077685565" /><file name="jquery-ui.js" server="timeglider.com" local="3408474582" remote="54962587447" /><file name="timeglider-0.1.2.min.js" server="timeglider.com" local="3410537476" remote="102207227827" /><file name="jquery.mousewheel.min.js" server="timeglider.com" local="3411135804" remote="106502195005" /><file name="ba-debug.min.js" server="timeglider.com" local="3387065270" remote="67847488927" /><file name="ba-tinyPubSub.js" server="timeglider.com" local="3402527470" remote="72142456224" /><file name="jquery.global.js" server="timeglider.com" local="3399395940" remote="72142456635" /><file name="jquery.tmpl.js" server="timeglider.com" local="3387065316" remote="63552522046" /><file name="jquery.ui.ipad.js" server="timeglider.com" local="3411134629" remote="76437423934" /><file name="raphael-min.js" server="timeglider.com" local="3410542475" remote="63552522049" /><file name="timeglider-0.1.3.min.js" server="timeglider.com" local="3414271448" remote="102207227829" /><file name="jquery.mousestop.js" server="timeglider.com" local="3421620931" remote="85027358525" /><file name="raphael.1.5.2-min.js" server="timeglider.com" local="3387065326" remote="89322325826" /><file name="timeglider-0.1.1.min.js" server="timeglider.com" local="3403023340" remote="102207227824" /><file name="timeglider-0.1.4.min.js" server="timeglider.com" local="3422736649" remote="102207227831" /><file name="jquery.jscrollpane.min.js" server="timeglider.com" local="3423558800" remote="2182800772362208532" /></dwsync>