<?xml version="1.0" encoding="utf-8" ?><dwsync><file name="check_black.png" server="timeglider.com" local="3401323895" remote="67825914900" /><file name="check_blue.png" server="timeglider.com" local="3401323605" remote="63530947604" /><file name="check_gray.png" server="timeglider.com" local="3401323540" remote="63530947604" /><file name="check_green.png" server="timeglider.com" local="3401323441" remote="67825914900" /><file name="check_orange.png" server="timeglider.com" local="3401323296" remote="72120882196" /><file name="check_purple.png" server="timeglider.com" local="3401323841" remote="72120882196" /><file name="check_red.png" server="timeglider.com" local="3401322770" remote="59235980308" /><file name="check_yellow.png" server="timeglider.com" local="3401323737" remote="72120882196" /><file name="circle_black.png" server="timeglider.com" local="3372619106" remote="72120882196" /><file name="circle_blue.png" server="timeglider.com" local="3372619077" remote="67825914900" /><file name="circle_green.png" server="timeglider.com" local="3372618860" remote="72120882196" /><file name="circle_grey.png" server="timeglider.com" local="3372619122" remote="67825914900" /><file name="circle_orange.png" server="timeglider.com" local="3372618828" remote="76415849492" /><file name="circle_purple.png" server="timeglider.com" local="3372619091" remote="76415849492" /><file name="circle_red.png" server="timeglider.com" local="3372618787" remote="63530947604" /><file name="circle_white.png" server="timeglider.com" local="3401289403" remote="72120882196" /><file name="circle_yellow.png" server="timeglider.com" local="3401288815" remote="76415849492" /><file name="clover_black.png" server="timeglider.com" local="3401324454" remote="72120882196" /><file name="clover_blue.png" server="timeglider.com" local="3401324393" remote="67825914900" /><file name="clover_gray.png" server="timeglider.com" local="3401324377" remote="67825914900" /><file name="clover_green.png" server="timeglider.com" local="3401324359" remote="72120882196" /><file name="clover_orange.png" server="timeglider.com" local="3401324335" remote="76415849492" /><file name="clover_purple.png" server="timeglider.com" local="3401324435" remote="76415849492" /><file name="clover_red.png" server="timeglider.com" local="3401324275" remote="63530947604" /><file name="clover_yellow.png" server="timeglider.com" local="3401324416" remote="76415849492" /><file name="flag_black.png" server="timeglider.com" local="3372956438" remote="63530947604" /><file name="flag_blue.png" server="timeglider.com" local="3372956485" remote="59235980308" /><file name="flag_gray.png" server="timeglider.com" local="3372956526" remote="59235980308" /><file name="flag_green.png" server="timeglider.com" local="3372956494" remote="63530947604" /><file name="flag_orange.png" server="timeglider.com" local="3372956509" remote="67825914900" /><file name="flag_purple.png" server="timeglider.com" local="3372956478" remote="67825914900" /><file name="flag_red.png" server="timeglider.com" local="3372956519" remote="54941013012" /><file name="flag_white.png" server="timeglider.com" local="3401289358" remote="63530947604" /><file name="flag_yellow.png" server="timeglider.com" local="3401288853" remote="67825914900" /><file name="halfcircle_black.png" server="timeglider.com" local="3372956331" remote="89300751380" /><file name="halfcircle_blue.png" server="timeglider.com" local="3372956308" remote="85005784084" /><file name="halfcircle_gray.png" server="timeglider.com" local="3372956229" remote="85005784084" /><file name="halfcircle_green.png" server="timeglider.com" local="3372956293" remote="89300751380" /><file name="halfcircle_orange.png" server="timeglider.com" local="3372956254" remote="93595718676" /><file name="halfcircle_purple.png" server="timeglider.com" local="3372956320" remote="93595718676" /><file name="halfcircle_red.png" server="timeglider.com" local="3372956243" remote="80710816788" /><file name="halfcircle_white.png" server="timeglider.com" local="3401289394" remote="89300751380" /><file name="halfcircle_yellow.png" server="timeglider.com" local="3401288811" remote="93595718676" /><file name="plus_black.png" server="timeglider.com" local="3372954971" remote="63530947604" /><file name="plus_blue.png" server="timeglider.com" local="3372954885" remote="59235980308" /><file name="plus_gray.png" server="timeglider.com" local="3372954914" remote="59235980308" /><file name="plus_green.png" server="timeglider.com" local="3372954947" remote="63530947604" /><file name="plus_orange.png" server="timeglider.com" local="3372954924" remote="67825914900" /><file name="plus_purple.png" server="timeglider.com" local="3372954961" remote="67825914900" /><file name="plus_red.png" server="timeglider.com" local="3372954903" remote="54941013072" /><file name="plus_white.png" server="timeglider.com" local="3401289370" remote="63530947664" /><file name="plus_yellow.png" server="timeglider.com" local="3401288859" remote="67825914960" /><file name="square_black.png" server="timeglider.com" local="3372955036" remote="72120882256" /><file name="square_blue.png" server="timeglider.com" local="3372955061" remote="67825914960" /><file name="square_gray.png" server="timeglider.com" local="3372955115" remote="67825914960" /><file name="square_green.png" server="timeglider.com" local="3372955074" remote="72120882256" /><file name="square_orange.png" server="timeglider.com" local="3372955094" remote="76415849552" /><file name="square_purple.png" server="timeglider.com" local="3372955052" remote="76415849552" /><file name="square_red.png" server="timeglider.com" local="3372955104" remote="63530947664" /><file name="square_white.png" server="timeglider.com" local="3401289348" remote="72120882256" /><file name="square_yellow.png" server="timeglider.com" local="3401288797" remote="76415849552" /><file name="star_black.png" server="timeglider.com" local="3372956118" remote="63530947664" /><file name="star_blue.png" server="timeglider.com" local="3372956071" remote="59235980368" /><file name="star_gray.png" server="timeglider.com" local="3372955402" remote="59235980368" /><file name="star_green.png" server="timeglider.com" local="3372956043" remote="63530947664" /><file name="star_orange.png" server="timeglider.com" local="3372955967" remote="67825914960" /><file name="star_purple.png" server="timeglider.com" local="3372956098" remote="67825914960" /><file name="star_red.png" server="timeglider.com" local="3372955627" remote="54941013072" /><file name="star_white.png" server="timeglider.com" local="3401289337" remote="63530947664" /><file name="star_yellow.png" server="timeglider.com" local="3401288798" remote="67825914960" /><file name="triangle_black.png" server="timeglider.com" local="3386257090" remote="80710816848" /><file name="triangle_blue.png" server="timeglider.com" local="3386632018" remote="76415849552" /><file name="triangle_gray.png" server="timeglider.com" local="3372620188" remote="76415849552" /><file name="triangle_green.png" server="timeglider.com" local="3372620251" remote="80710816848" /><file name="triangle_orange.png" server="timeglider.com" local="3372620218" remote="85005784144" /><file name="triangle_purple.png" server="timeglider.com" local="3372958862" remote="85005784144" /><file name="triangle_red.png" server="timeglider.com" local="3386631978" remote="72120882256" /><file name="triangle_white.png" server="timeglider.com" local="3401289328" remote="80710816848" /><file name="triangle_yellow.png" server="timeglider.com" local="3401288801" remote="85005784144" /></dwsync>